Address1,City,State,Zip
1000 S 5TH AVE,SEQUIM,WA,98382
19160 FRONT ST NE,POULSBO,WA,98370
228 W 1ST ST STES K AND L,PORT ANGELES,WA,98362
408 WEST WASHINGTON ST,SEQUIM,WA,98382
1301 WATER STREET,PORT TOWNSEND,WA,98368
703 E WASHINGTON ST,SEQUIM,WA,98382
952 Heuhslein Rd,Port Angeles,WA,98362
132 STARK RD,PORT LUDLOW,WA,98365
1411 ELK LOOP,SEQUIM,WA,98382
16406 THORPE RD NE,POULSBO,WA,98370
18554 SAWGRASS DR NE,POULSBO,WA,98370
426 E 8TH STREET,PORT ANGELES,WA,98362
502 Spotted Owl Ln,Sequim,WA,98382
51 MARSHALL RD.,SEQUIM,WA,98382
521 S SEQUIM AVE,SEQUIM,WA,98382